wielkosc tablicy;looking_Value;result;czas;liczba operacji;;;;;;;
2000000;0;False;529;20;;;;;;;
2100000;0;False;3;21;;;;;;;
2200000;0;False;2;21;;;;;;Etykiety wierszy;Suma z czas
2300000;0;False;3;21;;;;;;20;529
2400000;0;False;3;21;;;;;;21;59
2500000;0;False;3;21;;;;;;22;152
2600000;0;False;4;21;;;;;;23;431
2700000;0;False;3;21;;;;;;24;761
2800000;0;False;4;21;;;;;;25;1886
2900000;0;False;3;21;;;;;;26;4688
3000000;0;False;2;21;;;;;;27;389
3100000;0;False;2;21;;;;;;Suma koñcowa;8895
3200000;0;False;2;21;;;;;;;
3300000;0;False;2;21;;;;;;;
3400000;0;False;3;21;;;;;;;
3500000;0;False;3;21;;;;;;;
3600000;0;False;3;21;;;;;;;
3700000;0;False;2;21;;;;;;;
3800000;0;False;2;21;;;;;;;
3900000;0;False;3;21;;;;;;;
4000000;0;False;3;21;;;;;;;
4100000;0;False;4;21;;;;;;;
4200000;0;False;3;22;;;;;;;
4300000;0;False;3;22;;;;;;;
4400000;0;False;3;22;;;;;;;
4500000;0;False;3;22;;;;;;;
4600000;0;False;4;22;;;;;;;
4700000;0;False;5;22;;;;;;;
4800000;0;False;3;22;;;;;;;
4900000;0;False;4;22;;;;;;;
5000000;0;False;3;22;;;;;;;
5100000;0;False;3;22;;;;;;;
5200000;0;False;3;22;;;;;;;
5300000;0;False;3;22;;;;;;;
5400000;0;False;3;22;;;;;;;
5500000;0;False;3;22;;;;;;;
5600000;0;False;4;22;;;;;;;
5700000;0;False;4;22;;;;;;;
5800000;0;False;4;22;;;;;;;
5900000;0;False;3;22;;;;;;;
6000000;0;False;3;22;;;;;;;
6100000;0;False;3;22;;;;;;;
6200000;0;False;3;22;;;;;;;
6300000;0;False;3;22;;;;;;;
6400000;0;False;5;22;;;;;;;
6500000;0;False;6;22;;;;;;;
6600000;0;False;4;22;;;;;;;
6700000;0;False;3;22;;;;;;;
6800000;0;False;4;22;;;;;;;
6900000;0;False;5;22;;;;;;;
7000000;0;False;5;22;;;;;;;
7100000;0;False;3;22;;;;;;;
7200000;0;False;4;22;;;;;;;
7300000;0;False;3;22;;;;;;;
7400000;0;False;3;22;;;;;;;
7500000;0;False;3;22;;;;;;;
7600000;0;False;5;22;;;;;;;
7700000;0;False;3;22;;;;;;;
7800000;0;False;3;22;;;;;;;
7900000;0;False;3;22;;;;;;;
8000000;0;False;5;22;;;;;;;
8100000;0;False;5;22;;;;;;;
8200000;0;False;4;22;;;;;;;
8300000;0;False;3;22;;;;;;;
8400000;0;False;5;23;;;;;;;
8500000;0;False;5;23;;;;;;;
8600000;0;False;5;23;;;;;;;
8700000;0;False;4;23;;;;;;;
8800000;0;False;5;23;;;;;;;
8900000;0;False;5;23;;;;;;;
9000000;0;False;3;23;;;;;;;
9100000;0;False;3;23;;;;;;;
9200000;0;False;5;23;;;;;;;
9300000;0;False;4;23;;;;;;;
9400000;0;False;5;23;;;;;;;
9500000;0;False;3;23;;;;;;;
9600000;0;False;5;23;;;;;;;
9700000;0;False;4;23;;;;;;;
9800000;0;False;4;23;;;;;;;
9900000;0;False;6;23;;;;;;;
10000000;0;False;8;23;;;;;;;
10100000;0;False;6;23;;;;;;;
10200000;0;False;6;23;;;;;;;
10300000;0;False;5;23;;;;;;;
10400000;0;False;5;23;;;;;;;
10500000;0;False;5;23;;;;;;;
10600000;0;False;3;23;;;;;;;
10700000;0;False;5;23;;;;;;;
10800000;0;False;5;23;;;;;;;
10900000;0;False;2;23;;;;;;;
11000000;0;False;5;23;;;;;;;
11100000;0;False;5;23;;;;;;;
11200000;0;False;3;23;;;;;;;
11300000;0;False;5;23;;;;;;;
11400000;0;False;5;23;;;;;;;
11500000;0;False;5;23;;;;;;;
11600000;0;False;5;23;;;;;;;
11700000;0;False;3;23;;;;;;;
11800000;0;False;6;23;;;;;;;
11900000;0;False;5;23;;;;;;;
12000000;0;False;4;23;;;;;;;
12100000;0;False;3;23;;;;;;;
12200000;0;False;5;23;;;;;;;
12300000;0;False;4;23;;;;;;;
12400000;0;False;38;23;;;;;;;
12500000;0;False;6;23;;;;;;;
12600000;0;False;5;23;;;;;;;
12700000;0;False;5;23;;;;;;;
12800000;0;False;6;23;;;;;;;
12900000;0;False;4;23;;;;;;;
13000000;0;False;7;23;;;;;;;
13100000;0;False;4;23;;;;;;;
13200000;0;False;4;23;;;;;;;
13300000;0;False;7;23;;;;;;;
13400000;0;False;5;23;;;;;;;
13500000;0;False;4;23;;;;;;;
13600000;0;False;5;23;;;;;;;
13700000;0;False;5;23;;;;;;;
13800000;0;False;6;23;;;;;;;
13900000;0;False;4;23;;;;;;;
14000000;0;False;4;23;;;;;;;
14100000;0;False;3;23;;;;;;;
14200000;0;False;5;23;;;;;;;
14300000;0;False;4;23;;;;;;;
14400000;0;False;6;23;;;;;;;
14500000;0;False;3;23;;;;;;;
14600000;0;False;4;23;;;;;;;
14700000;0;False;6;23;;;;;;;
14800000;0;False;4;23;;;;;;;
14900000;0;False;3;23;;;;;;;
15000000;0;False;4;23;;;;;;;
15100000;0;False;6;23;;;;;;;
15200000;0;False;5;23;;;;;;;
15300000;0;False;4;23;;;;;;;
15400000;0;False;4;23;;;;;;;
15500000;0;False;7;23;;;;;;;
15600000;0;False;6;23;;;;;;;
15700000;0;False;4;23;;;;;;;
15800000;0;False;4;23;;;;;;;
15900000;0;False;4;23;;;;;;;
16000000;0;False;5;23;;;;;;;
16100000;0;False;5;23;;;;;;;
16200000;0;False;6;23;;;;;;;
16300000;0;False;6;23;;;;;;;
16400000;0;False;5;23;;;;;;;
16500000;0;False;3;23;;;;;;;
16600000;0;False;6;23;;;;;;;
16700000;0;False;6;23;;;;;;;
16800000;0;False;6;24;;;;;;;
16900000;0;False;6;24;;;;;;;
17000000;0;False;5;24;;;;;;;
17100000;0;False;4;24;;;;;;;
17200000;0;False;3;24;;;;;;;
17300000;0;False;4;24;;;;;;;
17400000;0;False;5;24;;;;;;;
17500000;0;False;3;24;;;;;;;
17600000;0;False;4;24;;;;;;;
17700000;0;False;4;24;;;;;;;
17800000;0;False;5;24;;;;;;;
17900000;0;False;4;24;;;;;;;
18000000;0;False;5;24;;;;;;;
18100000;0;False;4;24;;;;;;;
18200000;0;False;5;24;;;;;;;
18300000;0;False;4;24;;;;;;;
18400000;0;False;4;24;;;;;;;
18500000;0;False;4;24;;;;;;;
18600000;0;False;5;24;;;;;;;
18700000;0;False;4;24;;;;;;;
18800000;0;False;4;24;;;;;;;
18900000;0;False;5;24;;;;;;;
19000000;0;False;4;24;;;;;;;
19100000;0;False;4;24;;;;;;;
19200000;0;False;5;24;;;;;;;
19300000;0;False;4;24;;;;;;;
19400000;0;False;4;24;;;;;;;
19500000;0;False;4;24;;;;;;;
19600000;0;False;5;24;;;;;;;
19700000;0;False;5;24;;;;;;;
19800000;0;False;4;24;;;;;;;
19900000;0;False;4;24;;;;;;;
20000000;0;False;4;24;;;;;;;
20100000;0;False;3;24;;;;;;;
20200000;0;False;5;24;;;;;;;
20300000;0;False;3;24;;;;;;;
20400000;0;False;4;24;;;;;;;
20500000;0;False;4;24;;;;;;;
20600000;0;False;4;24;;;;;;;
20700000;0;False;3;24;;;;;;;
20800000;0;False;4;24;;;;;;;
20900000;0;False;4;24;;;;;;;
21000000;0;False;3;24;;;;;;;
21100000;0;False;4;24;;;;;;;
21200000;0;False;3;24;;;;;;;
21300000;0;False;6;24;;;;;;;
21400000;0;False;3;24;;;;;;;
21500000;0;False;11;24;;;;;;;
21600000;0;False;4;24;;;;;;;
21700000;0;False;4;24;;;;;;;
21800000;0;False;6;24;;;;;;;
21900000;0;False;6;24;;;;;;;
22000000;0;False;4;24;;;;;;;
22100000;0;False;4;24;;;;;;;
22200000;0;False;5;24;;;;;;;
22300000;0;False;4;24;;;;;;;
22400000;0;False;3;24;;;;;;;
22500000;0;False;3;24;;;;;;;
22600000;0;False;5;24;;;;;;;
22700000;0;False;3;24;;;;;;;
22800000;0;False;4;24;;;;;;;
22900000;0;False;4;24;;;;;;;
23000000;0;False;3;24;;;;;;;
23100000;0;False;3;24;;;;;;;
23200000;0;False;5;24;;;;;;;
23300000;0;False;4;24;;;;;;;
23400000;0;False;5;24;;;;;;;
23500000;0;False;5;24;;;;;;;
23600000;0;False;7;24;;;;;;;
23700000;0;False;4;24;;;;;;;
23800000;0;False;3;24;;;;;;;
23900000;0;False;4;24;;;;;;;
24000000;0;False;4;24;;;;;;;
24100000;0;False;5;24;;;;;;;
24200000;0;False;4;24;;;;;;;
24300000;0;False;4;24;;;;;;;
24400000;0;False;4;24;;;;;;;
24500000;0;False;5;24;;;;;;;
24600000;0;False;5;24;;;;;;;
24700000;0;False;4;24;;;;;;;
24800000;0;False;5;24;;;;;;;
24900000;0;False;4;24;;;;;;;
25000000;0;False;4;24;;;;;;;
25100000;0;False;5;24;;;;;;;
25200000;0;False;6;24;;;;;;;
25300000;0;False;5;24;;;;;;;
25400000;0;False;4;24;;;;;;;
25500000;0;False;3;24;;;;;;;
25600000;0;False;5;24;;;;;;;
25700000;0;False;4;24;;;;;;;
25800000;0;False;5;24;;;;;;;
25900000;0;False;4;24;;;;;;;
26000000;0;False;4;24;;;;;;;
26100000;0;False;5;24;;;;;;;
26200000;0;False;4;24;;;;;;;
26300000;0;False;4;24;;;;;;;
26400000;0;False;6;24;;;;;;;
26500000;0;False;3;24;;;;;;;
26600000;0;False;3;24;;;;;;;
26700000;0;False;4;24;;;;;;;
26800000;0;False;4;24;;;;;;;
26900000;0;False;3;24;;;;;;;
27000000;0;False;6;24;;;;;;;
27100000;0;False;4;24;;;;;;;
27200000;0;False;5;24;;;;;;;
27300000;0;False;7;24;;;;;;;
27400000;0;False;3;24;;;;;;;
27500000;0;False;4;24;;;;;;;
27600000;0;False;5;24;;;;;;;
27700000;0;False;10;24;;;;;;;
27800000;0;False;4;24;;;;;;;
27900000;0;False;4;24;;;;;;;
28000000;0;False;6;24;;;;;;;
28100000;0;False;5;24;;;;;;;
28200000;0;False;5;24;;;;;;;
28300000;0;False;6;24;;;;;;;
28400000;0;False;4;24;;;;;;;
28500000;0;False;5;24;;;;;;;
28600000;0;False;5;24;;;;;;;
28700000;0;False;5;24;;;;;;;
28800000;0;False;4;24;;;;;;;
28900000;0;False;4;24;;;;;;;
29000000;0;False;4;24;;;;;;;
29100000;0;False;4;24;;;;;;;
29200000;0;False;4;24;;;;;;;
29300000;0;False;5;24;;;;;;;
29400000;0;False;4;24;;;;;;;
29500000;0;False;4;24;;;;;;;
29600000;0;False;5;24;;;;;;;
29700000;0;False;4;24;;;;;;;
29800000;0;False;3;24;;;;;;;
29900000;0;False;5;24;;;;;;;
30000000;0;False;5;24;;;;;;;
30100000;0;False;6;24;;;;;;;
30200000;0;False;5;24;;;;;;;
30300000;0;False;4;24;;;;;;;
30400000;0;False;4;24;;;;;;;
30500000;0;False;8;24;;;;;;;
30600000;0;False;6;24;;;;;;;
30700000;0;False;6;24;;;;;;;
30800000;0;False;6;24;;;;;;;
30900000;0;False;4;24;;;;;;;
31000000;0;False;6;24;;;;;;;
31100000;0;False;6;24;;;;;;;
31200000;0;False;6;24;;;;;;;
31300000;0;False;6;24;;;;;;;
31400000;0;False;5;24;;;;;;;
31500000;0;False;3;24;;;;;;;
31600000;0;False;4;24;;;;;;;
31700000;0;False;4;24;;;;;;;
31800000;0;False;5;24;;;;;;;
31900000;0;False;6;24;;;;;;;
32000000;0;False;6;24;;;;;;;
32100000;0;False;5;24;;;;;;;
32200000;0;False;5;24;;;;;;;
32300000;0;False;4;24;;;;;;;
32400000;0;False;5;24;;;;;;;
32500000;0;False;4;24;;;;;;;
32600000;0;False;5;24;;;;;;;
32700000;0;False;4;24;;;;;;;
32800000;0;False;4;24;;;;;;;
32900000;0;False;5;24;;;;;;;
33000000;0;False;3;24;;;;;;;
33100000;0;False;6;24;;;;;;;
33200000;0;False;4;24;;;;;;;
33300000;0;False;5;24;;;;;;;
33400000;0;False;4;24;;;;;;;
33500000;0;False;5;24;;;;;;;
33600000;0;False;5;25;;;;;;;
33700000;0;False;4;25;;;;;;;
33800000;0;False;5;25;;;;;;;
33900000;0;False;9;25;;;;;;;
34000000;0;False;6;25;;;;;;;
34100000;0;False;7;25;;;;;;;
34200000;0;False;4;25;;;;;;;
34300000;0;False;5;25;;;;;;;
34400000;0;False;14;25;;;;;;;
34500000;0;False;4;25;;;;;;;
34600000;0;False;6;25;;;;;;;
34700000;0;False;6;25;;;;;;;
34800000;0;False;3;25;;;;;;;
34900000;0;False;5;25;;;;;;;
35000000;0;False;6;25;;;;;;;
35100000;0;False;6;25;;;;;;;
35200000;0;False;6;25;;;;;;;
35300000;0;False;6;25;;;;;;;
35400000;0;False;5;25;;;;;;;
35500000;0;False;6;25;;;;;;;
35600000;0;False;5;25;;;;;;;
35700000;0;False;5;25;;;;;;;
35800000;0;False;4;25;;;;;;;
35900000;0;False;4;25;;;;;;;
36000000;0;False;7;25;;;;;;;
36100000;0;False;4;25;;;;;;;
36200000;0;False;4;25;;;;;;;
36300000;0;False;4;25;;;;;;;
36400000;0;False;4;25;;;;;;;
36500000;0;False;3;25;;;;;;;
36600000;0;False;4;25;;;;;;;
36700000;0;False;6;25;;;;;;;
36800000;0;False;4;25;;;;;;;
36900000;0;False;4;25;;;;;;;
37000000;0;False;5;25;;;;;;;
37100000;0;False;4;25;;;;;;;
37200000;0;False;4;25;;;;;;;
37300000;0;False;5;25;;;;;;;
37400000;0;False;5;25;;;;;;;
37500000;0;False;4;25;;;;;;;
37600000;0;False;8;25;;;;;;;
37700000;0;False;4;25;;;;;;;
37800000;0;False;5;25;;;;;;;
37900000;0;False;4;25;;;;;;;
38000000;0;False;4;25;;;;;;;
38100000;0;False;5;25;;;;;;;
38200000;0;False;6;25;;;;;;;
38300000;0;False;4;25;;;;;;;
38400000;0;False;5;25;;;;;;;
38500000;0;False;5;25;;;;;;;
38600000;0;False;7;25;;;;;;;
38700000;0;False;3;25;;;;;;;
38800000;0;False;6;25;;;;;;;
38900000;0;False;3;25;;;;;;;
39000000;0;False;5;25;;;;;;;
39100000;0;False;5;25;;;;;;;
39200000;0;False;5;25;;;;;;;
39300000;0;False;6;25;;;;;;;
39400000;0;False;5;25;;;;;;;
39500000;0;False;5;25;;;;;;;
39600000;0;False;6;25;;;;;;;
39700000;0;False;4;25;;;;;;;
39800000;0;False;5;25;;;;;;;
39900000;0;False;4;25;;;;;;;
40000000;0;False;5;25;;;;;;;
40100000;0;False;4;25;;;;;;;
40200000;0;False;3;25;;;;;;;
40300000;0;False;4;25;;;;;;;
40400000;0;False;4;25;;;;;;;
40500000;0;False;12;25;;;;;;;
40600000;0;False;6;25;;;;;;;
40700000;0;False;6;25;;;;;;;
40800000;0;False;4;25;;;;;;;
40900000;0;False;5;25;;;;;;;
41000000;0;False;12;25;;;;;;;
41100000;0;False;5;25;;;;;;;
41200000;0;False;5;25;;;;;;;
41300000;0;False;4;25;;;;;;;
41400000;0;False;4;25;;;;;;;
41500000;0;False;5;25;;;;;;;
41600000;0;False;4;25;;;;;;;
41700000;0;False;5;25;;;;;;;
41800000;0;False;5;25;;;;;;;
41900000;0;False;7;25;;;;;;;
42000000;0;False;4;25;;;;;;;
42100000;0;False;7;25;;;;;;;
42200000;0;False;4;25;;;;;;;
42300000;0;False;5;25;;;;;;;
42400000;0;False;12;25;;;;;;;
42500000;0;False;5;25;;;;;;;
42600000;0;False;5;25;;;;;;;
42700000;0;False;8;25;;;;;;;
42800000;0;False;7;25;;;;;;;
42900000;0;False;6;25;;;;;;;
43000000;0;False;6;25;;;;;;;
43100000;0;False;6;25;;;;;;;
43200000;0;False;9;25;;;;;;;
43300000;0;False;6;25;;;;;;;
43400000;0;False;6;25;;;;;;;
43500000;0;False;5;25;;;;;;;
43600000;0;False;5;25;;;;;;;
43700000;0;False;5;25;;;;;;;
43800000;0;False;5;25;;;;;;;
43900000;0;False;6;25;;;;;;;
44000000;0;False;4;25;;;;;;;
44100000;0;False;5;25;;;;;;;
44200000;0;False;3;25;;;;;;;
44300000;0;False;4;25;;;;;;;
44400000;0;False;5;25;;;;;;;
44500000;0;False;5;25;;;;;;;
44600000;0;False;6;25;;;;;;;
44700000;0;False;5;25;;;;;;;
44800000;0;False;4;25;;;;;;;
44900000;0;False;14;25;;;;;;;
45000000;0;False;4;25;;;;;;;
45100000;0;False;5;25;;;;;;;
45200000;0;False;5;25;;;;;;;
45300000;0;False;4;25;;;;;;;
45400000;0;False;4;25;;;;;;;
45500000;0;False;5;25;;;;;;;
45600000;0;False;6;25;;;;;;;
45700000;0;False;6;25;;;;;;;
45800000;0;False;5;25;;;;;;;
45900000;0;False;4;25;;;;;;;
46000000;0;False;7;25;;;;;;;
46100000;0;False;7;25;;;;;;;
46200000;0;False;6;25;;;;;;;
46300000;0;False;6;25;;;;;;;
46400000;0;False;4;25;;;;;;;
46500000;0;False;13;25;;;;;;;
46600000;0;False;6;25;;;;;;;
46700000;0;False;5;25;;;;;;;
46800000;0;False;5;25;;;;;;;
46900000;0;False;7;25;;;;;;;
47000000;0;False;4;25;;;;;;;
47100000;0;False;8;25;;;;;;;
47200000;0;False;5;25;;;;;;;
47300000;0;False;14;25;;;;;;;
47400000;0;False;5;25;;;;;;;
47500000;0;False;7;25;;;;;;;
47600000;0;False;7;25;;;;;;;
47700000;0;False;12;25;;;;;;;
47800000;0;False;7;25;;;;;;;
47900000;0;False;6;25;;;;;;;
48000000;0;False;6;25;;;;;;;
48100000;0;False;6;25;;;;;;;
48200000;0;False;7;25;;;;;;;
48300000;0;False;5;25;;;;;;;
48400000;0;False;4;25;;;;;;;
48500000;0;False;13;25;;;;;;;
48600000;0;False;7;25;;;;;;;
48700000;0;False;4;25;;;;;;;
48800000;0;False;6;25;;;;;;;
48900000;0;False;7;25;;;;;;;
49000000;0;False;6;25;;;;;;;
49100000;0;False;7;25;;;;;;;
49200000;0;False;7;25;;;;;;;
49300000;0;False;6;25;;;;;;;
49400000;0;False;5;25;;;;;;;
49500000;0;False;7;25;;;;;;;
49600000;0;False;6;25;;;;;;;
49700000;0;False;4;25;;;;;;;
49800000;0;False;7;25;;;;;;;
49900000;0;False;7;25;;;;;;;
50000000;0;False;5;25;;;;;;;
50100000;0;False;6;25;;;;;;;
50200000;0;False;7;25;;;;;;;
50300000;0;False;8;25;;;;;;;
50400000;0;False;7;25;;;;;;;
50500000;0;False;6;25;;;;;;;
50600000;0;False;5;25;;;;;;;
50700000;0;False;5;25;;;;;;;
50800000;0;False;4;25;;;;;;;
50900000;0;False;3;25;;;;;;;
51000000;0;False;4;25;;;;;;;
51100000;0;False;4;25;;;;;;;
51200000;0;False;5;25;;;;;;;
51300000;0;False;5;25;;;;;;;
51400000;0;False;7;25;;;;;;;
51500000;0;False;7;25;;;;;;;
51600000;0;False;4;25;;;;;;;
51700000;0;False;4;25;;;;;;;
51800000;0;False;4;25;;;;;;;
51900000;0;False;5;25;;;;;;;
52000000;0;False;5;25;;;;;;;
52100000;0;False;4;25;;;;;;;
52200000;0;False;6;25;;;;;;;
52300000;0;False;5;25;;;;;;;
52400000;0;False;5;25;;;;;;;
52500000;0;False;7;25;;;;;;;
52600000;0;False;12;25;;;;;;;
52700000;0;False;5;25;;;;;;;
52800000;0;False;5;25;;;;;;;
52900000;0;False;4;25;;;;;;;
53000000;0;False;4;25;;;;;;;
53100000;0;False;7;25;;;;;;;
53200000;0;False;6;25;;;;;;;
53300000;0;False;6;25;;;;;;;
53400000;0;False;7;25;;;;;;;
53500000;0;False;4;25;;;;;;;
53600000;0;False;5;25;;;;;;;
53700000;0;False;14;25;;;;;;;
53800000;0;False;5;25;;;;;;;
53900000;0;False;6;25;;;;;;;
54000000;0;False;9;25;;;;;;;
54100000;0;False;5;25;;;;;;;
54200000;0;False;3;25;;;;;;;
54300000;0;False;5;25;;;;;;;
54400000;0;False;5;25;;;;;;;
54500000;0;False;5;25;;;;;;;
54600000;0;False;5;25;;;;;;;
54700000;0;False;4;25;;;;;;;
54800000;0;False;4;25;;;;;;;
54900000;0;False;6;25;;;;;;;
55000000;0;False;5;25;;;;;;;
55100000;0;False;8;25;;;;;;;
55200000;0;False;5;25;;;;;;;
55300000;0;False;5;25;;;;;;;
55400000;0;False;6;25;;;;;;;
55500000;0;False;4;25;;;;;;;
55600000;0;False;4;25;;;;;;;
55700000;0;False;4;25;;;;;;;
55800000;0;False;5;25;;;;;;;
55900000;0;False;6;25;;;;;;;
56000000;0;False;8;25;;;;;;;
56100000;0;False;6;25;;;;;;;
56200000;0;False;4;25;;;;;;;
56300000;0;False;6;25;;;;;;;
56400000;0;False;6;25;;;;;;;
56500000;0;False;6;25;;;;;;;
56600000;0;False;6;25;;;;;;;
56700000;0;False;5;25;;;;;;;
56800000;0;False;7;25;;;;;;;
56900000;0;False;7;25;;;;;;;
57000000;0;False;7;25;;;;;;;
57100000;0;False;5;25;;;;;;;
57200000;0;False;5;25;;;;;;;
57300000;0;False;7;25;;;;;;;
57400000;0;False;5;25;;;;;;;
57500000;0;False;4;25;;;;;;;
57600000;0;False;6;25;;;;;;;
57700000;0;False;13;25;;;;;;;
57800000;0;False;5;25;;;;;;;
57900000;0;False;6;25;;;;;;;
58000000;0;False;10;25;;;;;;;
58100000;0;False;6;25;;;;;;;
58200000;0;False;6;25;;;;;;;
58300000;0;False;9;25;;;;;;;
58400000;0;False;4;25;;;;;;;
58500000;0;False;6;25;;;;;;;
58600000;0;False;5;25;;;;;;;
58700000;0;False;6;25;;;;;;;
58800000;0;False;4;25;;;;;;;
58900000;0;False;4;25;;;;;;;
59000000;0;False;4;25;;;;;;;
59100000;0;False;7;25;;;;;;;
59200000;0;False;4;25;;;;;;;
59300000;0;False;8;25;;;;;;;
59400000;0;False;6;25;;;;;;;
59500000;0;False;4;25;;;;;;;
59600000;0;False;6;25;;;;;;;
59700000;0;False;6;25;;;;;;;
59800000;0;False;5;25;;;;;;;
59900000;0;False;7;25;;;;;;;
60000000;0;False;7;25;;;;;;;
60100000;0;False;6;25;;;;;;;
60200000;0;False;6;25;;;;;;;
60300000;0;False;5;25;;;;;;;
60400000;0;False;5;25;;;;;;;
60500000;0;False;6;25;;;;;;;
60600000;0;False;5;25;;;;;;;
60700000;0;False;6;25;;;;;;;
60800000;0;False;4;25;;;;;;;
60900000;0;False;5;25;;;;;;;
61000000;0;False;4;25;;;;;;;
61100000;0;False;5;25;;;;;;;
61200000;0;False;5;25;;;;;;;
61300000;0;False;5;25;;;;;;;
61400000;0;False;4;25;;;;;;;
61500000;0;False;4;25;;;;;;;
61600000;0;False;4;25;;;;;;;
61700000;0;False;4;25;;;;;;;
61800000;0;False;4;25;;;;;;;
61900000;0;False;5;25;;;;;;;
62000000;0;False;6;25;;;;;;;
62100000;0;False;4;25;;;;;;;
62200000;0;False;8;25;;;;;;;
62300000;0;False;5;25;;;;;;;
62400000;0;False;4;25;;;;;;;
62500000;0;False;5;25;;;;;;;
62600000;0;False;4;25;;;;;;;
62700000;0;False;5;25;;;;;;;
62800000;0;False;6;25;;;;;;;
62900000;0;False;6;25;;;;;;;
63000000;0;False;5;25;;;;;;;
63100000;0;False;5;25;;;;;;;
63200000;0;False;6;25;;;;;;;
63300000;0;False;5;25;;;;;;;
63400000;0;False;4;25;;;;;;;
63500000;0;False;4;25;;;;;;;
63600000;0;False;4;25;;;;;;;
63700000;0;False;5;25;;;;;;;
63800000;0;False;4;25;;;;;;;
63900000;0;False;5;25;;;;;;;
64000000;0;False;5;25;;;;;;;
64100000;0;False;6;25;;;;;;;
64200000;0;False;6;25;;;;;;;
64300000;0;False;5;25;;;;;;;
64400000;0;False;7;25;;;;;;;
64500000;0;False;7;25;;;;;;;
64600000;0;False;6;25;;;;;;;
64700000;0;False;6;25;;;;;;;
64800000;0;False;6;25;;;;;;;
64900000;0;False;6;25;;;;;;;
65000000;0;False;6;25;;;;;;;
65100000;0;False;5;25;;;;;;;
65200000;0;False;5;25;;;;;;;
65300000;0;False;5;25;;;;;;;
65400000;0;False;6;25;;;;;;;
65500000;0;False;6;25;;;;;;;
65600000;0;False;5;25;;;;;;;
65700000;0;False;6;25;;;;;;;
65800000;0;False;9;25;;;;;;;
65900000;0;False;6;25;;;;;;;
66000000;0;False;5;25;;;;;;;
66100000;0;False;6;25;;;;;;;
66200000;0;False;8;25;;;;;;;
66300000;0;False;7;25;;;;;;;
66400000;0;False;5;25;;;;;;;
66500000;0;False;4;25;;;;;;;
66600000;0;False;5;25;;;;;;;
66700000;0;False;6;25;;;;;;;
66800000;0;False;6;25;;;;;;;
66900000;0;False;6;25;;;;;;;
67000000;0;False;4;25;;;;;;;
67100000;0;False;7;25;;;;;;;
67200000;0;False;7;26;;;;;;;
67300000;0;False;4;26;;;;;;;
67400000;0;False;4;26;;;;;;;
67500000;0;False;8;26;;;;;;;
67600000;0;False;8;26;;;;;;;
67700000;0;False;7;26;;;;;;;
67800000;0;False;6;26;;;;;;;
67900000;0;False;6;26;;;;;;;
68000000;0;False;5;26;;;;;;;
68100000;0;False;6;26;;;;;;;
68200000;0;False;5;26;;;;;;;
68300000;0;False;4;26;;;;;;;
68400000;0;False;7;26;;;;;;;
68500000;0;False;6;26;;;;;;;
68600000;0;False;4;26;;;;;;;
68700000;0;False;7;26;;;;;;;
68800000;0;False;7;26;;;;;;;
68900000;0;False;5;26;;;;;;;
69000000;0;False;12;26;;;;;;;
69100000;0;False;4;26;;;;;;;
69200000;0;False;6;26;;;;;;;
69300000;0;False;6;26;;;;;;;
69400000;0;False;5;26;;;;;;;
69500000;0;False;5;26;;;;;;;
69600000;0;False;7;26;;;;;;;
69700000;0;False;5;26;;;;;;;
69800000;0;False;6;26;;;;;;;
69900000;0;False;5;26;;;;;;;
70000000;0;False;8;26;;;;;;;
70100000;0;False;6;26;;;;;;;
70200000;0;False;7;26;;;;;;;
70300000;0;False;7;26;;;;;;;
70400000;0;False;7;26;;;;;;;
70500000;0;False;7;26;;;;;;;
70600000;0;False;5;26;;;;;;;
70700000;0;False;7;26;;;;;;;
70800000;0;False;7;26;;;;;;;
70900000;0;False;6;26;;;;;;;
71000000;0;False;5;26;;;;;;;
71100000;0;False;6;26;;;;;;;
71200000;0;False;8;26;;;;;;;
71300000;0;False;8;26;;;;;;;
71400000;0;False;5;26;;;;;;;
71500000;0;False;5;26;;;;;;;
71600000;0;False;6;26;;;;;;;
71700000;0;False;6;26;;;;;;;
71800000;0;False;4;26;;;;;;;
71900000;0;False;6;26;;;;;;;
72000000;0;False;6;26;;;;;;;
72100000;0;False;7;26;;;;;;;
72200000;0;False;7;26;;;;;;;
72300000;0;False;5;26;;;;;;;
72400000;0;False;6;26;;;;;;;
72500000;0;False;7;26;;;;;;;
72600000;0;False;7;26;;;;;;;
72700000;0;False;7;26;;;;;;;
72800000;0;False;6;26;;;;;;;
72900000;0;False;6;26;;;;;;;
73000000;0;False;13;26;;;;;;;
73100000;0;False;7;26;;;;;;;
73200000;0;False;6;26;;;;;;;
73300000;0;False;6;26;;;;;;;
73400000;0;False;5;26;;;;;;;
73500000;0;False;6;26;;;;;;;
73600000;0;False;5;26;;;;;;;
73700000;0;False;6;26;;;;;;;
73800000;0;False;15;26;;;;;;;
73900000;0;False;6;26;;;;;;;
74000000;0;False;7;26;;;;;;;
74100000;0;False;7;26;;;;;;;
74200000;0;False;8;26;;;;;;;
74300000;0;False;7;26;;;;;;;
74400000;0;False;7;26;;;;;;;
74500000;0;False;9;26;;;;;;;
74600000;0;False;6;26;;;;;;;
74700000;0;False;5;26;;;;;;;
74800000;0;False;8;26;;;;;;;
74900000;0;False;7;26;;;;;;;
75000000;0;False;6;26;;;;;;;
75100000;0;False;6;26;;;;;;;
75200000;0;False;7;26;;;;;;;
75300000;0;False;7;26;;;;;;;
75400000;0;False;5;26;;;;;;;
75500000;0;False;15;26;;;;;;;
75600000;0;False;4;26;;;;;;;
75700000;0;False;6;26;;;;;;;
75800000;0;False;5;26;;;;;;;
75900000;0;False;7;26;;;;;;;
76000000;0;False;13;26;;;;;;;
76100000;0;False;7;26;;;;;;;
76200000;0;False;6;26;;;;;;;
76300000;0;False;7;26;;;;;;;
76400000;0;False;4;26;;;;;;;
76500000;0;False;6;26;;;;;;;
76600000;0;False;7;26;;;;;;;
76700000;0;False;4;26;;;;;;;
76800000;0;False;4;26;;;;;;;
76900000;0;False;6;26;;;;;;;
77000000;0;False;7;26;;;;;;;
77100000;0;False;6;26;;;;;;;
77200000;0;False;7;26;;;;;;;
77300000;0;False;5;26;;;;;;;
77400000;0;False;7;26;;;;;;;
77500000;0;False;7;26;;;;;;;
77600000;0;False;6;26;;;;;;;
77700000;0;False;7;26;;;;;;;
77800000;0;False;4;26;;;;;;;
77900000;0;False;7;26;;;;;;;
78000000;0;False;6;26;;;;;;;
78100000;0;False;7;26;;;;;;;
78200000;0;False;7;26;;;;;;;
78300000;0;False;6;26;;;;;;;
78400000;0;False;7;26;;;;;;;
78500000;0;False;8;26;;;;;;;
78600000;0;False;6;26;;;;;;;
78700000;0;False;6;26;;;;;;;
78800000;0;False;4;26;;;;;;;
78900000;0;False;4;26;;;;;;;
79000000;0;False;5;26;;;;;;;
79100000;0;False;6;26;;;;;;;
79200000;0;False;5;26;;;;;;;
79300000;0;False;6;26;;;;;;;
79400000;0;False;7;26;;;;;;;
79500000;0;False;6;26;;;;;;;
79600000;0;False;4;26;;;;;;;
79700000;0;False;7;26;;;;;;;
79800000;0;False;5;26;;;;;;;
79900000;0;False;6;26;;;;;;;
80000000;0;False;6;26;;;;;;;
80100000;0;False;6;26;;;;;;;
80200000;0;False;6;26;;;;;;;
80300000;0;False;8;26;;;;;;;
80400000;0;False;6;26;;;;;;;
80500000;0;False;4;26;;;;;;;
80600000;0;False;7;26;;;;;;;
80700000;0;False;6;26;;;;;;;
80800000;0;False;7;26;;;;;;;
80900000;0;False;4;26;;;;;;;
81000000;0;False;4;26;;;;;;;
81100000;0;False;7;26;;;;;;;
81200000;0;False;4;26;;;;;;;
81300000;0;False;8;26;;;;;;;
81400000;0;False;5;26;;;;;;;
81500000;0;False;6;26;;;;;;;
81600000;0;False;3;26;;;;;;;
81700000;0;False;7;26;;;;;;;
81800000;0;False;6;26;;;;;;;
81900000;0;False;5;26;;;;;;;
82000000;0;False;7;26;;;;;;;
82100000;0;False;6;26;;;;;;;
82200000;0;False;8;26;;;;;;;
82300000;0;False;7;26;;;;;;;
82400000;0;False;5;26;;;;;;;
82500000;0;False;7;26;;;;;;;
82600000;0;False;4;26;;;;;;;
82700000;0;False;5;26;;;;;;;
82800000;0;False;7;26;;;;;;;
82900000;0;False;9;26;;;;;;;
83000000;0;False;5;26;;;;;;;
83100000;0;False;7;26;;;;;;;
83200000;0;False;6;26;;;;;;;
83300000;0;False;4;26;;;;;;;
83400000;0;False;14;26;;;;;;;
83500000;0;False;7;26;;;;;;;
83600000;0;False;6;26;;;;;;;
83700000;0;False;5;26;;;;;;;
83800000;0;False;6;26;;;;;;;
83900000;0;False;9;26;;;;;;;
84000000;0;False;9;26;;;;;;;
84100000;0;False;6;26;;;;;;;
84200000;0;False;8;26;;;;;;;
84300000;0;False;6;26;;;;;;;
84400000;0;False;5;26;;;;;;;
84500000;0;False;63;26;;;;;;;
84600000;0;False;6;26;;;;;;;
84700000;0;False;6;26;;;;;;;
84800000;0;False;6;26;;;;;;;
84900000;0;False;10;26;;;;;;;
85000000;0;False;7;26;;;;;;;
85100000;0;False;6;26;;;;;;;
85200000;0;False;5;26;;;;;;;
85300000;0;False;5;26;;;;;;;
85400000;0;False;5;26;;;;;;;
85500000;0;False;5;26;;;;;;;
85600000;0;False;13;26;;;;;;;
85700000;0;False;7;26;;;;;;;
85800000;0;False;5;26;;;;;;;
85900000;0;False;6;26;;;;;;;
86000000;0;False;6;26;;;;;;;
86100000;0;False;7;26;;;;;;;
86200000;0;False;6;26;;;;;;;
86300000;0;False;4;26;;;;;;;
86400000;0;False;11;26;;;;;;;
86500000;0;False;8;26;;;;;;;
86600000;0;False;7;26;;;;;;;
86700000;0;False;7;26;;;;;;;
86800000;0;False;7;26;;;;;;;
86900000;0;False;8;26;;;;;;;
87000000;0;False;4;26;;;;;;;
87100000;0;False;6;26;;;;;;;
87200000;0;False;5;26;;;;;;;
87300000;0;False;4;26;;;;;;;
87400000;0;False;6;26;;;;;;;
87500000;0;False;6;26;;;;;;;
87600000;0;False;6;26;;;;;;;
87700000;0;False;7;26;;;;;;;
87800000;0;False;5;26;;;;;;;
87900000;0;False;5;26;;;;;;;
88000000;0;False;7;26;;;;;;;
88100000;0;False;6;26;;;;;;;
88200000;0;False;8;26;;;;;;;
88300000;0;False;6;26;;;;;;;
88400000;0;False;6;26;;;;;;;
88500000;0;False;4;26;;;;;;;
88600000;0;False;9;26;;;;;;;
88700000;0;False;4;26;;;;;;;
88800000;0;False;7;26;;;;;;;
88900000;0;False;6;26;;;;;;;
89000000;0;False;6;26;;;;;;;
89100000;0;False;7;26;;;;;;;
89200000;0;False;5;26;;;;;;;
89300000;0;False;4;26;;;;;;;
89400000;0;False;4;26;;;;;;;
89500000;0;False;6;26;;;;;;;
89600000;0;False;7;26;;;;;;;
89700000;0;False;5;26;;;;;;;
89800000;0;False;5;26;;;;;;;
89900000;0;False;9;26;;;;;;;
90000000;0;False;7;26;;;;;;;
90100000;0;False;9;26;;;;;;;
90200000;0;False;4;26;;;;;;;
90300000;0;False;8;26;;;;;;;
90400000;0;False;5;26;;;;;;;
90500000;0;False;7;26;;;;;;;
90600000;0;False;6;26;;;;;;;
90700000;0;False;5;26;;;;;;;
90800000;0;False;5;26;;;;;;;
90900000;0;False;5;26;;;;;;;
91000000;0;False;6;26;;;;;;;
91100000;0;False;8;26;;;;;;;
91200000;0;False;6;26;;;;;;;
91300000;0;False;4;26;;;;;;;
91400000;0;False;7;26;;;;;;;
91500000;0;False;6;26;;;;;;;
91600000;0;False;4;26;;;;;;;
91700000;0;False;7;26;;;;;;;
91800000;0;False;5;26;;;;;;;
91900000;0;False;7;26;;;;;;;
92000000;0;False;6;26;;;;;;;
92100000;0;False;5;26;;;;;;;
92200000;0;False;15;26;;;;;;;
92300000;0;False;5;26;;;;;;;
92400000;0;False;6;26;;;;;;;
92500000;0;False;6;26;;;;;;;
92600000;0;False;6;26;;;;;;;
92700000;0;False;6;26;;;;;;;
92800000;0;False;6;26;;;;;;;
92900000;0;False;6;26;;;;;;;
93000000;0;False;7;26;;;;;;;
93100000;0;False;6;26;;;;;;;
93200000;0;False;9;26;;;;;;;
93300000;0;False;9;26;;;;;;;
93400000;0;False;4;26;;;;;;;
93500000;0;False;5;26;;;;;;;
93600000;0;False;7;26;;;;;;;
93700000;0;False;7;26;;;;;;;
93800000;0;False;38;26;;;;;;;
93900000;0;False;6;26;;;;;;;
94000000;0;False;7;26;;;;;;;
94100000;0;False;7;26;;;;;;;
94200000;0;False;15;26;;;;;;;
94300000;0;False;4;26;;;;;;;
94400000;0;False;8;26;;;;;;;
94500000;0;False;7;26;;;;;;;
94600000;0;False;7;26;;;;;;;
94700000;0;False;6;26;;;;;;;
94800000;0;False;5;26;;;;;;;
94900000;0;False;6;26;;;;;;;
95000000;0;False;6;26;;;;;;;
95100000;0;False;6;26;;;;;;;
95200000;0;False;7;26;;;;;;;
95300000;0;False;8;26;;;;;;;
95400000;0;False;8;26;;;;;;;
95500000;0;False;6;26;;;;;;;
95600000;0;False;4;26;;;;;;;
95700000;0;False;6;26;;;;;;;
95800000;0;False;7;26;;;;;;;
95900000;0;False;6;26;;;;;;;
96000000;0;False;7;26;;;;;;;
96100000;0;False;7;26;;;;;;;
96200000;0;False;6;26;;;;;;;
96300000;0;False;4;26;;;;;;;
96400000;0;False;5;26;;;;;;;
96500000;0;False;7;26;;;;;;;
96600000;0;False;6;26;;;;;;;
96700000;0;False;5;26;;;;;;;
96800000;0;False;5;26;;;;;;;
96900000;0;False;6;26;;;;;;;
97000000;0;False;7;26;;;;;;;
97100000;0;False;7;26;;;;;;;
97200000;0;False;5;26;;;;;;;
97300000;0;False;6;26;;;;;;;
97400000;0;False;10;26;;;;;;;
97500000;0;False;8;26;;;;;;;
97600000;0;False;6;26;;;;;;;
97700000;0;False;8;26;;;;;;;
97800000;0;False;5;26;;;;;;;
97900000;0;False;8;26;;;;;;;
98000000;0;False;8;26;;;;;;;
98100000;0;False;6;26;;;;;;;
98200000;0;False;7;26;;;;;;;
98300000;0;False;6;26;;;;;;;
98400000;0;False;7;26;;;;;;;
98500000;0;False;5;26;;;;;;;
98600000;0;False;8;26;;;;;;;
98700000;0;False;7;26;;;;;;;
98800000;0;False;6;26;;;;;;;
98900000;0;False;16;26;;;;;;;
99000000;0;False;6;26;;;;;;;
99100000;0;False;6;26;;;;;;;
99200000;0;False;6;26;;;;;;;
99300000;0;False;7;26;;;;;;;
99400000;0;False;7;26;;;;;;;
99500000;0;False;7;26;;;;;;;
99600000;0;False;8;26;;;;;;;
99700000;0;False;7;26;;;;;;;
99800000;0;False;8;26;;;;;;;
99900000;0;False;6;26;;;;;;;
100000000;0;False;5;26;;;;;;;
100100000;0;False;7;26;;;;;;;
100200000;0;False;16;26;;;;;;;
100300000;0;False;7;26;;;;;;;
100400000;0;False;7;26;;;;;;;
100500000;0;False;6;26;;;;;;;
100600000;0;False;8;26;;;;;;;
100700000;0;False;7;26;;;;;;;
100800000;0;False;5;26;;;;;;;
100900000;0;False;5;26;;;;;;;
101000000;0;False;6;26;;;;;;;
101100000;0;False;13;26;;;;;;;
101200000;0;False;5;26;;;;;;;
101300000;0;False;8;26;;;;;;;
101400000;0;False;6;26;;;;;;;
101500000;0;False;11;26;;;;;;;
101600000;0;False;7;26;;;;;;;
101700000;0;False;8;26;;;;;;;
101800000;0;False;7;26;;;;;;;
101900000;0;False;5;26;;;;;;;
102000000;0;False;7;26;;;;;;;
102100000;0;False;7;26;;;;;;;
102200000;0;False;8;26;;;;;;;
102300000;0;False;7;26;;;;;;;
102400000;0;False;8;26;;;;;;;
102500000;0;False;4;26;;;;;;;
102600000;0;False;8;26;;;;;;;
102700000;0;False;4;26;;;;;;;
102800000;0;False;7;26;;;;;;;
102900000;0;False;7;26;;;;;;;
103000000;0;False;7;26;;;;;;;
103100000;0;False;5;26;;;;;;;
103200000;0;False;8;26;;;;;;;
103300000;0;False;4;26;;;;;;;
103400000;0;False;7;26;;;;;;;
103500000;0;False;11;26;;;;;;;
103600000;0;False;7;26;;;;;;;
103700000;0;False;5;26;;;;;;;
103800000;0;False;4;26;;;;;;;
103900000;0;False;8;26;;;;;;;
104000000;0;False;7;26;;;;;;;
104100000;0;False;5;26;;;;;;;
104200000;0;False;6;26;;;;;;;
104300000;0;False;14;26;;;;;;;
104400000;0;False;7;26;;;;;;;
104500000;0;False;7;26;;;;;;;
104600000;0;False;5;26;;;;;;;
104700000;0;False;5;26;;;;;;;
104800000;0;False;8;26;;;;;;;
104900000;0;False;4;26;;;;;;;
105000000;0;False;6;26;;;;;;;
105100000;0;False;7;26;;;;;;;
105200000;0;False;8;26;;;;;;;
105300000;0;False;7;26;;;;;;;
105400000;0;False;4;26;;;;;;;
105500000;0;False;13;26;;;;;;;
105600000;0;False;4;26;;;;;;;
105700000;0;False;6;26;;;;;;;
105800000;0;False;6;26;;;;;;;
105900000;0;False;7;26;;;;;;;
106000000;0;False;4;26;;;;;;;
106100000;0;False;7;26;;;;;;;
106200000;0;False;5;26;;;;;;;
106300000;0;False;6;26;;;;;;;
106400000;0;False;7;26;;;;;;;
106500000;0;False;4;26;;;;;;;
106600000;0;False;8;26;;;;;;;
106700000;0;False;7;26;;;;;;;
106800000;0;False;7;26;;;;;;;
106900000;0;False;4;26;;;;;;;
107000000;0;False;6;26;;;;;;;
107100000;0;False;7;26;;;;;;;
107200000;0;False;5;26;;;;;;;
107300000;0;False;15;26;;;;;;;
107400000;0;False;6;26;;;;;;;
107500000;0;False;7;26;;;;;;;
107600000;0;False;5;26;;;;;;;
107700000;0;False;8;26;;;;;;;
107800000;0;False;4;26;;;;;;;
107900000;0;False;6;26;;;;;;;
108000000;0;False;15;26;;;;;;;
108100000;0;False;6;26;;;;;;;
108200000;0;False;10;26;;;;;;;
108300000;0;False;8;26;;;;;;;
108400000;0;False;6;26;;;;;;;
108500000;0;False;7;26;;;;;;;
108600000;0;False;7;26;;;;;;;
108700000;0;False;5;26;;;;;;;
108800000;0;False;6;26;;;;;;;
108900000;0;False;3;26;;;;;;;
109000000;0;False;6;26;;;;;;;
109100000;0;False;5;26;;;;;;;
109200000;0;False;7;26;;;;;;;
109300000;0;False;6;26;;;;;;;
109400000;0;False;5;26;;;;;;;
109500000;0;False;5;26;;;;;;;
109600000;0;False;7;26;;;;;;;
109700000;0;False;6;26;;;;;;;
109800000;0;False;7;26;;;;;;;
109900000;0;False;8;26;;;;;;;
110000000;0;False;6;26;;;;;;;
110100000;0;False;5;26;;;;;;;
110200000;0;False;6;26;;;;;;;
110300000;0;False;7;26;;;;;;;
110400000;0;False;5;26;;;;;;;
110500000;0;False;7;26;;;;;;;
110600000;0;False;8;26;;;;;;;
110700000;0;False;5;26;;;;;;;
110800000;0;False;9;26;;;;;;;
110900000;0;False;6;26;;;;;;;
111000000;0;False;4;26;;;;;;;
111100000;0;False;4;26;;;;;;;
111200000;0;False;5;26;;;;;;;
111300000;0;False;5;26;;;;;;;
111400000;0;False;6;26;;;;;;;
111500000;0;False;13;26;;;;;;;
111600000;0;False;7;26;;;;;;;
111700000;0;False;7;26;;;;;;;
111800000;0;False;16;26;;;;;;;
111900000;0;False;7;26;;;;;;;
112000000;0;False;6;26;;;;;;;
112100000;0;False;7;26;;;;;;;
112200000;0;False;5;26;;;;;;;
112300000;0;False;7;26;;;;;;;
112400000;0;False;5;26;;;;;;;
112500000;0;False;9;26;;;;;;;
112600000;0;False;6;26;;;;;;;
112700000;0;False;5;26;;;;;;;
112800000;0;False;6;26;;;;;;;
112900000;0;False;7;26;;;;;;;
113000000;0;False;14;26;;;;;;;
113100000;0;False;5;26;;;;;;;
113200000;0;False;5;26;;;;;;;
113300000;0;False;17;26;;;;;;;
113400000;0;False;6;26;;;;;;;
113500000;0;False;6;26;;;;;;;
113600000;0;False;6;26;;;;;;;
113700000;0;False;7;26;;;;;;;
113800000;0;False;4;26;;;;;;;
113900000;0;False;6;26;;;;;;;
114000000;0;False;8;26;;;;;;;
114100000;0;False;5;26;;;;;;;
114200000;0;False;7;26;;;;;;;
114300000;0;False;8;26;;;;;;;
114400000;0;False;4;26;;;;;;;
114500000;0;False;3;26;;;;;;;
114600000;0;False;8;26;;;;;;;
114700000;0;False;4;26;;;;;;;
114800000;0;False;9;26;;;;;;;
114900000;0;False;6;26;;;;;;;
115000000;0;False;6;26;;;;;;;
115100000;0;False;5;26;;;;;;;
115200000;0;False;7;26;;;;;;;
115300000;0;False;5;26;;;;;;;
115400000;0;False;7;26;;;;;;;
115500000;0;False;13;26;;;;;;;
115600000;0;False;16;26;;;;;;;
115700000;0;False;44;26;;;;;;;
115800000;0;False;9;26;;;;;;;
115900000;0;False;4;26;;;;;;;
116000000;0;False;4;26;;;;;;;
116100000;0;False;7;26;;;;;;;
116200000;0;False;8;26;;;;;;;
116300000;0;False;6;26;;;;;;;
116400000;0;False;8;26;;;;;;;
116500000;0;False;5;26;;;;;;;
116600000;0;False;7;26;;;;;;;
116700000;0;False;5;26;;;;;;;
116800000;0;False;7;26;;;;;;;
116900000;0;False;7;26;;;;;;;
117000000;0;False;7;26;;;;;;;
117100000;0;False;5;26;;;;;;;
117200000;0;False;6;26;;;;;;;
117300000;0;False;5;26;;;;;;;
117400000;0;False;7;26;;;;;;;
117500000;0;False;5;26;;;;;;;
117600000;0;False;6;26;;;;;;;
117700000;0;False;5;26;;;;;;;
117800000;0;False;4;26;;;;;;;
117900000;0;False;4;26;;;;;;;
118000000;0;False;5;26;;;;;;;
118100000;0;False;4;26;;;;;;;
118200000;0;False;4;26;;;;;;;
118300000;0;False;5;26;;;;;;;
118400000;0;False;5;26;;;;;;;
118500000;0;False;6;26;;;;;;;
118600000;0;False;6;26;;;;;;;
118700000;0;False;6;26;;;;;;;
118800000;0;False;5;26;;;;;;;
118900000;0;False;4;26;;;;;;;
119000000;0;False;5;26;;;;;;;
119100000;0;False;5;26;;;;;;;
119200000;0;False;5;26;;;;;;;
119300000;0;False;4;26;;;;;;;
119400000;0;False;5;26;;;;;;;
119500000;0;False;7;26;;;;;;;
119600000;0;False;7;26;;;;;;;
119700000;0;False;7;26;;;;;;;
119800000;0;False;5;26;;;;;;;
119900000;0;False;5;26;;;;;;;
120000000;0;False;7;26;;;;;;;
120100000;0;False;8;26;;;;;;;
120200000;0;False;8;26;;;;;;;
120300000;0;False;8;26;;;;;;;
120400000;0;False;5;26;;;;;;;
120500000;0;False;7;26;;;;;;;
120600000;0;False;6;26;;;;;;;
120700000;0;False;6;26;;;;;;;
120800000;0;False;4;26;;;;;;;
120900000;0;False;5;26;;;;;;;
121000000;0;False;4;26;;;;;;;
121100000;0;False;6;26;;;;;;;
121200000;0;False;6;26;;;;;;;
121300000;0;False;7;26;;;;;;;
121400000;0;False;7;26;;;;;;;
121500000;0;False;7;26;;;;;;;
121600000;0;False;7;26;;;;;;;
121700000;0;False;7;26;;;;;;;
121800000;0;False;5;26;;;;;;;
121900000;0;False;16;26;;;;;;;
122000000;0;False;5;26;;;;;;;
122100000;0;False;277;26;;;;;;;
122200000;0;False;5;26;;;;;;;
122300000;0;False;6;26;;;;;;;
122400000;0;False;6;26;;;;;;;
122500000;0;False;5;26;;;;;;;
122600000;0;False;7;26;;;;;;;
122700000;0;False;4;26;;;;;;;
122800000;0;False;5;26;;;;;;;
122900000;0;False;4;26;;;;;;;
123000000;0;False;5;26;;;;;;;
123100000;0;False;4;26;;;;;;;
123200000;0;False;6;26;;;;;;;
123300000;0;False;4;26;;;;;;;
123400000;0;False;4;26;;;;;;;
123500000;0;False;5;26;;;;;;;
123600000;0;False;8;26;;;;;;;
123700000;0;False;4;26;;;;;;;
123800000;0;False;4;26;;;;;;;
123900000;0;False;6;26;;;;;;;
124000000;0;False;5;26;;;;;;;
124100000;0;False;4;26;;;;;;;
124200000;0;False;4;26;;;;;;;
124300000;0;False;4;26;;;;;;;
124400000;0;False;7;26;;;;;;;
124500000;0;False;5;26;;;;;;;
124600000;0;False;5;26;;;;;;;
124700000;0;False;4;26;;;;;;;
124800000;0;False;5;26;;;;;;;
124900000;0;False;5;26;;;;;;;
125000000;0;False;5;26;;;;;;;
125100000;0;False;5;26;;;;;;;
125200000;0;False;6;26;;;;;;;
125300000;0;False;6;26;;;;;;;
125400000;0;False;6;26;;;;;;;
125500000;0;False;18;26;;;;;;;
125600000;0;False;3;26;;;;;;;
125700000;0;False;6;26;;;;;;;
125800000;0;False;4;26;;;;;;;
125900000;0;False;5;26;;;;;;;
126000000;0;False;15;26;;;;;;;
126100000;0;False;5;26;;;;;;;
126200000;0;False;5;26;;;;;;;
126300000;0;False;7;26;;;;;;;
126400000;0;False;5;26;;;;;;;
126500000;0;False;4;26;;;;;;;
126600000;0;False;7;26;;;;;;;
126700000;0;False;5;26;;;;;;;
126800000;0;False;5;26;;;;;;;
126900000;0;False;5;26;;;;;;;
127000000;0;False;4;26;;;;;;;
127100000;0;False;5;26;;;;;;;
127200000;0;False;5;26;;;;;;;
127300000;0;False;5;26;;;;;;;
127400000;0;False;4;26;;;;;;;
127500000;0;False;5;26;;;;;;;
127600000;0;False;5;26;;;;;;;
127700000;0;False;7;26;;;;;;;
127800000;0;False;5;26;;;;;;;
127900000;0;False;5;26;;;;;;;
128000000;0;False;5;26;;;;;;;
128100000;0;False;6;26;;;;;;;
128200000;0;False;6;26;;;;;;;
128300000;0;False;5;26;;;;;;;
128400000;0;False;7;26;;;;;;;
128500000;0;False;6;26;;;;;;;
128600000;0;False;4;26;;;;;;;
128700000;0;False;5;26;;;;;;;
128800000;0;False;7;26;;;;;;;
128900000;0;False;6;26;;;;;;;
129000000;0;False;6;26;;;;;;;
129100000;0;False;4;26;;;;;;;
129200000;0;False;4;26;;;;;;;
129300000;0;False;4;26;;;;;;;
129400000;0;False;16;26;;;;;;;
129500000;0;False;6;26;;;;;;;
129600000;0;False;6;26;;;;;;;
129700000;0;False;7;26;;;;;;;
129800000;0;False;5;26;;;;;;;
129900000;0;False;7;26;;;;;;;
130000000;0;False;6;26;;;;;;;
130100000;0;False;4;26;;;;;;;
130200000;0;False;5;26;;;;;;;
130300000;0;False;4;26;;;;;;;
130400000;0;False;6;26;;;;;;;
130500000;0;False;4;26;;;;;;;
130600000;0;False;4;26;;;;;;;
130700000;0;False;8;26;;;;;;;
130800000;0;False;4;26;;;;;;;
130900000;0;False;6;26;;;;;;;
131000000;0;False;4;26;;;;;;;
131100000;0;False;6;26;;;;;;;
131200000;0;False;6;26;;;;;;;
131300000;0;False;5;26;;;;;;;
131400000;0;False;5;26;;;;;;;
131500000;0;False;5;26;;;;;;;
131600000;0;False;7;26;;;;;;;
131700000;0;False;6;26;;;;;;;
131800000;0;False;6;26;;;;;;;
131900000;0;False;13;26;;;;;;;
132000000;0;False;7;26;;;;;;;
132100000;0;False;7;26;;;;;;;
132200000;0;False;5;26;;;;;;;
132300000;0;False;7;26;;;;;;;
132400000;0;False;7;26;;;;;;;
132500000;0;False;5;26;;;;;;;
132600000;0;False;6;26;;;;;;;
132700000;0;False;5;26;;;;;;;
132800000;0;False;4;26;;;;;;;
132900000;0;False;4;26;;;;;;;
133000000;0;False;5;26;;;;;;;
133100000;0;False;5;26;;;;;;;
133200000;0;False;4;26;;;;;;;
133300000;0;False;38;26;;;;;;;
133400000;0;False;7;26;;;;;;;
133500000;0;False;6;26;;;;;;;
133600000;0;False;4;26;;;;;;;
133700000;0;False;7;26;;;;;;;
133800000;0;False;6;26;;;;;;;
133900000;0;False;7;26;;;;;;;
134000000;0;False;5;26;;;;;;;
134100000;0;False;7;26;;;;;;;
134200000;0;False;6;26;;;;;;;
134300000;0;False;5;27;;;;;;;
134400000;0;False;5;27;;;;;;;
134500000;0;False;4;27;;;;;;;
134600000;0;False;7;27;;;;;;;
134700000;0;False;6;27;;;;;;;
134800000;0;False;6;27;;;;;;;
134900000;0;False;4;27;;;;;;;
135000000;0;False;6;27;;;;;;;
135100000;0;False;6;27;;;;;;;
135200000;0;False;6;27;;;;;;;
135300000;0;False;6;27;;;;;;;
135400000;0;False;9;27;;;;;;;
135500000;0;False;7;27;;;;;;;
135600000;0;False;5;27;;;;;;;
135700000;0;False;6;27;;;;;;;
135800000;0;False;6;27;;;;;;;
135900000;0;False;4;27;;;;;;;
136000000;0;False;5;27;;;;;;;
136100000;0;False;6;27;;;;;;;
136200000;0;False;5;27;;;;;;;
136300000;0;False;5;27;;;;;;;
136400000;0;False;15;27;;;;;;;
136500000;0;False;4;27;;;;;;;
136600000;0;False;7;27;;;;;;;
136700000;0;False;6;27;;;;;;;
136800000;0;False;7;27;;;;;;;
136900000;0;False;5;27;;;;;;;
137000000;0;False;5;27;;;;;;;
137100000;0;False;7;27;;;;;;;
137200000;0;False;5;27;;;;;;;
137300000;0;False;7;27;;;;;;;
137400000;0;False;5;27;;;;;;;
137500000;0;False;4;27;;;;;;;
137600000;0;False;4;27;;;;;;;
137700000;0;False;7;27;;;;;;;
137800000;0;False;12;27;;;;;;;
137900000;0;False;5;27;;;;;;;
138000000;0;False;4;27;;;;;;;
138100000;0;False;6;27;;;;;;;
138200000;0;False;5;27;;;;;;;
138300000;0;False;7;27;;;;;;;
138400000;0;False;6;27;;;;;;;
138500000;0;False;9;27;;;;;;;
138600000;0;False;4;27;;;;;;;
138700000;0;False;4;27;;;;;;;
138800000;0;False;6;27;;;;;;;
138900000;0;False;6;27;;;;;;;
139000000;0;False;5;27;;;;;;;
139100000;0;False;5;27;;;;;;;
139200000;0;False;5;27;;;;;;;
139300000;0;False;4;27;;;;;;;
139400000;0;False;6;27;;;;;;;
139500000;0;False;8;27;;;;;;;
139600000;0;False;19;27;;;;;;;
139700000;0;False;7;27;;;;;;;
139800000;0;False;9;27;;;;;;;
139900000;0;False;5;27;;;;;;;
140000000;0;False;4;27;;;;;;;
140100000;0;False;7;27;;;;;;;
140200000;0;False;4;27;;;;;;;
140300000;0;False;4;27;;;;;;;
140400000;0;False;6;27;;;;;;;
140500000;0;False;5;27;;;;;;;
140600000;0;False;5;27;;;;;;;
